Workbook
Name NativeTimeline_Disbursement_Date: #N/A
Name Slicer_City: #N/A
Name Slicer_Loan_Purpose: #N/A
Name Slicer_Loan_Status: #N/A

Sheet Raw Data
A1: Loan_ID | B1: Customer_ID | C1: Age | D1: Gender | E1: City | F1: Employment_Type | G1: Monthly_Income | H1: Loan_Amount | I1: Loan_Tenure_Months | J1: Interest_Rate | K1: EMI_Amount | L1: Loan_Purpose | M1: Loan_Status | N1: Disbursement_Date | O1: Closure_Date | P1: Days_to_Close | Q1: Credit_Score | R1: DPD_30 | S1: Recovery_Amount | T1: Disbursment Month | U1: Default Interest Rate
A2: LN0001 | B2: CU2824 | C2: 22 | D2: Female | E2: Mumbai | F2: Salaried | G2: 51579 | H2: 391123 | I2: 3 | J2: 28.24 | K2: 136558.19 | L2: Business | M2: Active | N2: 45166 | Q2: 732 | R2: Yes | S2: 0 | T2: Aug-23 | U2: =COUNTIF(Table1[Loan_Status],"Defaulted")/COUNTA(Table1[Loan_ID]) -> 0.248
A3: LN0002 | B3: CU2535 | C3: 34 | D3: Male | E3: Chennai | F3: Salaried | G3: 67124 | H3: 380400 | I3: 24 | J3: 22.07 | K3: 19747.6 | L3: Shopping | M3: Defaulted | N3: 44568 | Q3: 463 | R3: Yes | S3: 223940.56 | T3: Jan-22 | U3: =COUNTIF(Table1[Loan_Status],"Defaulted")/COUNTA(Table1[Loan_ID]) -> 0.248
A4: LN0003 | B4: CU6574 | C4: 38 | D4: Male | E4: Mumbai | F4: Self-Employed | G4: 41793 | H4: 53625 | I4: 18 | J4: 14.32 | K4: 3328.25 | L4: Travel | M4: Defaulted | N4: 44606 | Q4: 770 | R4: Yes | S4: 25491.16 | T4: Feb-22 | U4: =COUNTIF(Table1[Loan_Status],"Defaulted")/COUNTA(Table1[Loan_ID]) -> 0.248
A5: LN0004 | B5: CU7201 | C5: 26 | D5: Female | E5: Chennai | F5: Self-Employed | G5: 65407 | H5: 374398 | I5: 3 | J5: 13.1 | K5: 127533.98 | L5: Medical | M5: Defaulted | N5: 44643 | Q5: 538 | R5: Yes | S5: 264526.63 | T5: Mar-22 | U5: =COUNTIF(Table1[Loan_Status],"Defaulted")/COUNTA(Table1[Loan_ID]) -> 0.248
A6: LN0005 | B6: CU7227 | C6: 38 | D6: Female | E6: Delhi | F6: Salaried | G6: 112040 | H6: 191264 | I6: 6 | J6: 28.08 | K6: 34538.39 | L6: Education | M6: Closed | N6: 45108 | O6: 2023-11-03 | P6: 125 | Q6: 467 | R6: No | S6: 0 | T6: Jul-23 | U6: =COUNTIF(Table1[Loan_Status],"Defaulted")/COUNTA(Table1[Loan_ID]) -> 0.248
A7: LN0006 | B7: CU5422 | C7: 35 | D7: Female | E7: Hyderabad | F7: Salaried | G7: 23414 | H7: 427075 | I7: 12 | J7: 21.63 | K7: 39895.81 | L7: Education | M7: Closed | N7: 45142 | O7: 2024-01-12 | P7: 161 | Q7: 517 | R7: No | S7: 0 | T7: Aug-23 | U7: =COUNTIF(Table1[Loan_Status],"Defaulted")/COUNTA(Table1[Loan_ID]) -> 0.248
A8: LN0007 | B8: CU7482 | C8: 50 | D8: Male | E8: Delhi | F8: Salaried | G8: 79651 | H8: 395588 | I8: 24 | J8: 24.94 | K8: 21101.23 | L8: Business | M8: Restructured | N8: 45159 | O8: 2024-03-12 | P8: 204 | Q8: 670 | R8: Yes | S8: 0 | T8: Aug-23 | U8: =COUNTIF(Table1[Loan_Status],"Defaulted")/COUNTA(Table1[Loan_ID]) -> 0.248
A9: LN0008 | B9: CU4593 | C9: 29 | D9: Female | E9: Hyderabad | F9: Salaried | G9: 43743 | H9: 85132 | I9: 6 | J9: 31.01 | K9: 15499.25 | L9: Shopping | M9: Active | N9: 44956 | Q9: 690 | R9: No | S9: 0 | T9: Jan-23 | U9: =COUNTIF(Table1[Loan_Status],"Defaulted")/COUNTA(Table1[Loan_ID]) -> 0.248
A10: LN0009 | B10: CU8668 | C10: 54 | D10: Female | E10: Chennai | F10: Salaried | G10: 45029 | H10: 362412 | I10: 24 | J10: 30.02 | K10: 20267.21 | L10: Travel | M10: Active | N10: 44862 | Q10: 745 | R10: No | S10: 0 | T10: Oct-22 | U10: =COUNTIF(Table1[Loan_Status],"Defaulted")/COUNTA(Table1[Loan_ID]) -> 0.248
A11: LN0010 | B11: CU1053 | C11: 37 | D11: Male | E11: Chennai | F11: Salaried | G11: 93235 | H11: 446277 | I11: 24 | J11: 26.62 | K11: 24182.76 | L11: Medical | M11: Defaulted | N11: 44727 | Q11: 843 | R11: Yes | S11: 331559.46 | T11: Jun-22 | U11: =COUNTIF(Table1[Loan_Status],"Defaulted")/COUNTA(Table1[Loan_ID]) -> 0.248
A12: LN0011 | B12: CU6310 | C12: 52 | D12: Male | E12: Hyderabad | F12: Self-Employed | G12: 95612 | H12: 130541 | I12: 3 | J12: 17.78 | K12: 44809.44 | L12: Business | M12: Active | N12: 44649 | Q12: 797 | R12: No | S12: 0 | T12: Mar-22 | U12: =COUNTIF(Table1[Loan_Status],"Defaulted")/COUNTA(Table1[Loan_ID]) -> 0.248
A13: LN0012 | B13: CU9727 | C13: 29 | D13: Male | E13: Bangalore | F13: Salaried | G13: 84483 | H13: 281653 | I13: 24 | J13: 22.16 | K13: 14633.9 | L13: Medical | M13: Closed | N13: 44881 | O13: 2023-12-29 | P13: 408 | Q13: 682 | R13: No | S13: 0 | T13: Nov-22 | U13: =COUNTIF(Table1[Loan_Status],"Defaulted")/COUNTA(Table1[Loan_ID]) -> 0.248
A14: LN0013 | B14: CU9479 | C14: 49 | D14: Male | E14: Mumbai | F14: Salaried | G14: 31784 | H14: 182254 | I14: 3 | J14: 26.12 | K14: 63415.02 | L14: Medical | M14: Closed | N14: 44569 | O14: 2022-03-21 | P14: 72 | Q14: 360 | R14: No | S14: 0 | T14: Jan-22 | U14: =COUNTIF(Table1[Loan_Status],"Defaulted")/COUNTA(Table1[Loan_ID]) -> 0.248
A15: LN0014 | B15: CU1514 | C15: 42 | D15: Male | E15: Chennai | F15: Salaried | G15: 88001 | H15: 355737 | I15: 18 | J15: 17.14 | K15: 22552.51 | L15: Medical | M15: Restructured | N15: 44810 | O15: 2024-01-03 | P15: 484 | Q15: 716 | R15: Yes | S15: 0 | T15: Sep-22 | U15: =COUNTIF(Table1[Loan_Status],"Defaulted")/COUNTA(Table1[Loan_ID]) -> 0.248
A16: LN0015 | B16: CU4119 | C16: 27 | D16: Male | E16: Bangalore | F16: Self-Employed | G16: 126038 | H16: 220535 | I16: 18 | J16: 32.73 | K16: 15667.68 | L16: Education | M16: Active | N16: 44624 | Q16: 712 | R16: No | S16: 0 | T16: Mar-22 | U16: =COUNTIF(Table1[Loan_Status],"Defaulted")/COUNTA(Table1[Loan_ID]) -> 0.248
A17: LN0016 | B17: CU2790 | C17: 36 | D17: Male | E17: Mumbai | F17: Self-Employed | G17: 51747 | H17: 226187 | I17: 6 | J17: 18.69 | K17: 39779.3 | L17: Medical | M17: Active | N17: 45015 | Q17: 400 | R17: Yes | S17: 0 | T17: Mar-23 | U17: =COUNTIF(Table1[Loan_Status],"Defaulted")/COUNTA(Table1[Loan_ID]) -> 0.248
A18: LN0017 | B18: CU9856 | C18: 21 | D18: Male | E18: Mumbai | F18: Salaried | G18: 121539 | H18: 259615 | I18: 18 | J18: 17.13 | K18: 16457.47 | L18: Shopping | M18: Active | N18: 44730 | Q18: 688 | R18: Yes | S18: 0 | T18: Jun-22 | U18: =COUNTIF(Table1[Loan_Status],"Defaulted")/COUNTA(Table1[Loan_ID]) -> 0.248
A19: LN0018 | B19: CU7396 | C19: 37 | D19: Female | E19: Delhi | F19: Self-Employed | G19: 142577 | H19: 86158 | I19: 6 | J19: 19.12 | K19: 15171 | L19: Education | M19: Active | N19: 44883 | Q19: 358 | R19: Yes | S19: 0 | T19: Nov-22 | U19: =COUNTIF(Table1[Loan_Status],"Defaulted")/COUNTA(Table1[Loan_ID]) -> 0.248
A20: LN0019 | B20: CU8811 | C20: 53 | D20: Male | E20: Hyderabad | F20: Salaried | G20: 63712 | H20: 40924 | I20: 24 | J20: 13.63 | K20: 1957.73 | L20: Medical | M20: Restructured | N20: 44684 | O20: 2023-12-07 | P20: 583 | Q20: 552 | R20: Yes | S20: 0 | T20: May-22 | U20: =COUNTIF(Table1[Loan_Status],"Defaulted")/COUNTA(Table1[Loan_ID]) -> 0.248
A21: LN0020 | B21: CU1651 | C21: 26 | D21: Female | E21: Chennai | F21: Self-Employed | G21: 83358 | H21: 112090 | I21: 12 | J21: 17.73 | K21: 10262.01 | L21: Shopping | M21: Closed | N21: 45249 | O21: 2024-05-02 | P21: 165 | Q21: 607 | R21: No | S21: 0 | T21: Nov-23 | U21: =COUNTIF(Table1[Loan_Status],"Defaulted")/COUNTA(Table1[Loan_ID]) -> 0.248
A22: LN0021 | B22: CU2188 | C22: 21 | D22: Female | E22: Chennai | F22: Salaried | G22: 34204 | H22: 286875 | I22: 6 | J22: 24.14 | K22: 51234.76 | L22: Medical | M22: Defaulted | N22: 44632 | Q22: 550 | R22: Yes | S22: 102893.16 | T22: Mar-22 | U22: =COUNTIF(Table1[Loan_Status],"Defaulted")/COUNTA(Table1[Loan_ID]) -> 0.248
A23: LN0022 | B23: CU3584 | C23: 49 | D23: Female | E23: Chennai | F23: Salaried | G23: 93480 | H23: 493508 | I23: 3 | J23: 34.53 | K23: 174059.31 | L23: Medical | M23: Defaulted | N23: 44680 | Q23: 409 | R23: Yes | S23: 305822.8 | T23: Apr-22 | U23: =COUNTIF(Table1[Loan_Status],"Defaulted")/COUNTA(Table1[Loan_ID]) -> 0.248
A24: LN0023 | B24: CU3546 | C24: 38 | D24: Female | E24: Chennai | F24: Salaried | G24: 104884 | H24: 111743 | I24: 12 | J24: 24.13 | K24: 10573.4 | L24: Travel | M24: Active | N24: 44656 | Q24: 733 | R24: No | S24: 0 | T24: Apr-22 | U24: =COUNTIF(Table1[Loan_Status],"Defaulted")/COUNTA(Table1[Loan_ID]) -> 0.248
A25: LN0024 | B25: CU1722 | C25: 21 | D25: Female | E25: Mumbai | F25: Self-Employed | G25: 57357 | H25: 393618 | I25: 18 | J25: 25.24 | K25: 26494.29 | L25: Shopping | M25: Active | N25: 44676 | Q25: 377 | R25: No | S25: 0 | T25: Apr-22 | U25: =COUNTIF(Table1[Loan_Status],"Defaulted")/COUNTA(Table1[Loan_ID]) -> 0.248
A26: LN0025 | B26: CU3442 | C26: 55 | D26: Male | E26: Delhi | F26: Salaried | G26: 127666 | H26: 71818 | I26: 3 | J26: 19.4 | K26: 24717.51 | L26: Education | M26: Defaulted | N26: 44777 | Q26: 555 | R26: Yes | S26: 40710.28 | T26: Aug-22 | U26: =COUNTIF(Table1[Loan_Status],"Defaulted")/COUNTA(Table1[Loan_ID]) -> 0.248
A27: LN0026 | B27: CU6794 | C27: 47 | D27: Male | E27: Mumbai | F27: Salaried | G27: 61413 | H27: 467115 | I27: 18 | J27: 12.59 | K27: 28613.82 | L27: Travel | M27: Restructured | N27: 45247 | O27: 2024-06-25 | P27: 221 | Q27: 554 | R27: Yes | S27: 0 | T27: Nov-23 | U27: =COUNTIF(Table1[Loan_Status],"Defaulted")/COUNTA(Table1[Loan_ID]) -> 0.248
A28: LN0027 | B28: CU5371 | C28: 31 | D28: Male | E28: Bangalore | F28: Salaried | G28: 138388 | H28: 121619 | I28: 6 | J28: 31.6 | K28: 22178.49 | L28: Shopping | M28: Defaulted | N28: 44874 | Q28: 533 | R28: Yes | S28: 31140.12 | T28: Nov-22 | U28: =COUNTIF(Table1[Loan_Status],"Defaulted")/COUNTA(Table1[Loan_ID]) -> 0.248
A29: LN0028 | B29: CU4164 | C29: 46 | D29: Female | E29: Delhi | F29: Salaried | G29: 88170 | H29: 189101 | I29: 24 | J29: 21.59 | K29: 9771.97 | L29: Business | M29: Defaulted | N29: 44590 | Q29: 418 | R29: Yes | S29: 135004.29 | T29: Jan-22 | U29: =COUNTIF(Table1[Loan_Status],"Defaulted")/COUNTA(Table1[Loan_ID]) -> 0.248
A30: LN0029 | B30: CU5279 | C30: 32 | D30: Female | E30: Hyderabad | F30: Salaried | G30: 128918 | H30: 186239 | I30: 12 | J30: 22.47 | K30: 17473.08 | L30: Business | M30: Active | N30: 44956 | Q30: 494 | R30: No | S30: 0 | T30: Jan-23 | U30: =COUNTIF(Table1[Loan_Status],"Defaulted")/COUNTA(Table1[Loan_ID]) -> 0.248
A31: LN0030 | B31: CU8144 | C31: 21 | D31: Male | E31: Delhi | F31: Self-Employed | G31: 33343 | H31: 353251 | I31: 12 | J31: 26.96 | K31: 33911.35 | L31: Education | M31: Defaulted | N31: 45081 | Q31: 616 | R31: Yes | S31: 200231.51 | T31: Jun-23 | U31: =COUNTIF(Table1[Loan_Status],"Defaulted")/COUNTA(Table1[Loan_ID]) -> 0.248
A32: LN0031 | B32: CU6344 | C32: 46 | D32: Female | E32: Chennai | F32: Salaried | G32: 65289 | H32: 225434 | I32: 18 | J32: 28.26 | K32: 15510.32 | L32: Medical | M32: Defaulted | N32: 44977 | Q32: 300 | R32: Yes | S32: 70496.02 | T32: Feb-23 | U32: =COUNTIF(Table1[Loan_Status],"Defaulted")/COUNTA(Table1[Loan_ID]) -> 0.248
A33: LN0032 | B33: CU4443 | C33: 48 | D33: Female | E33: Bangalore | F33: Self-Employed | G33: 130909 | H33: 359223 | I33: 6 | J33: 24.27 | K33: 64179.28 | L33: Medical | M33: Active | N33: 44852 | Q33: 827 | R33: No | S33: 0 | T33: Oct-22 | U33: =COUNTIF(Table1[Loan_Status],"Defaulted")/COUNTA(Table1[Loan_ID]) -> 0.248
A34: LN0033 | B34: CU6491 | C34: 26 | D34: Male | E34: Delhi | F34: Salaried | G34: 67200 | H34: 82255 | I34: 3 | J34: 13.11 | K34: 28019.59 | L34: Shopping | M34: Active | N34: 45028 | Q34: 724 | R34: No | S34: 0 | T34: Apr-23 | U34: =COUNTIF(Table1[Loan_Status],"Defaulted")/COUNTA(Table1[Loan_ID]) -> 0.248
A35: LN0034 | B35: CU4185 | C35: 45 | D35: Female | E35: Bangalore | F35: Salaried | G35: 53684 | H35: 348963 | I35: 3 | J35: 33.42 | K35: 122859.4 | L35: Education | M35: Restructured | N35: 44786 | O35: 2023-02-09 | P35: 180 | Q35: 830 | R35: Yes | S35: 0 | T35: Aug-22 | U35: =COUNTIF(Table1[Loan_Status],"Defaulted")/COUNTA(Table1[Loan_ID]) -> 0.248
A36: LN0035 | B36: CU8611 | C36: 24 | D36: Male | E36: Hyderabad | F36: Self-Employed | G36: 49954 | H36: 425173 | I36: 18 | J36: 28.02 | K36: 29202.07 | L36: Business | M36: Defaulted | N36: 45015 | Q36: 816 | R36: Yes | S36: 169524.35 | T36: Mar-23 | U36: =COUNTIF(Table1[Loan_Status],"Defaulted")/COUNTA(Table1[Loan_ID]) -> 0.248
A37: LN0036 | B37: CU9976 | C37: 49 | D37: Male | E37: Bangalore | F37: Self-Employed | G37: 82945 | H37: 399147 | I37: 6 | J37: 32.16 | K37: 72901.96 | L37: Travel | M37: Restructured | N37: 45203 | O37: 2024-02-03 | P37: 122 | Q37: 581 | R37: Yes | S37: 0 | T37: Oct-23 | U37: =COUNTIF(Table1[Loan_Status],"Defaulted")/COUNTA(Table1[Loan_ID]) -> 0.248
A38: LN0037 | B38: CU8206 | C38: 25 | D38: Female | E38: Mumbai | F38: Self-Employed | G38: 103040 | H38: 172619 | I38: 24 | J38: 13.93 | K38: 8282.23 | L38: Medical | M38: Closed | N38: 44954 | O38: 2023-07-03 | P38: 156 | Q38: 519 | R38: Yes | S38: 0 | T38: Jan-23 | U38: =COUNTIF(Table1[Loan_Status],"Defaulted")/COUNTA(Table1[Loan_ID]) -> 0.248
A39: LN0038 | B39: CU7678 | C39: 42 | D39: Female | E39: Bangalore | F39: Salaried | G39: 69220 | H39: 441674 | I39: 18 | J39: 21.35 | K39: 28891.66 | L39: Business | M39: Active | N39: 45151 | Q39: 689 | R39: No | S39: 0 | T39: Aug-23 | U39: =COUNTIF(Table1[Loan_Status],"Defaulted")/COUNTA(Table1[Loan_ID]) -> 0.248
A40: LN0039 | B40: CU6763 | C40: 40 | D40: Female | E40: Bangalore | F40: Salaried | G40: 142986 | H40: 120040 | I40: 12 | J40: 22.46 | K40: 11261.66 | L40: Education | M40: Restructured | N40: 44906 | O40: 2024-01-29 | P40: 414 | Q40: 469 | R40: Yes | S40: 0 | T40: Dec-22 | U40: =COUNTIF(Table1[Loan_Status],"Defaulted")/COUNTA(Table1[Loan_ID]) -> 0.248
A41: LN0040 | B41: CU8657 | C41: 29 | D41: Male | E41: Bangalore | F41: Salaried | G41: 37006 | H41: 341985 | I41: 18 | J41: 15.26 | K41: 21376.53 | L41: Shopping | M41: Closed | N41: 44613 | O41: 2022-11-14 | P41: 266 | Q41: 688 | R41: No | S41: 0 | T41: Feb-22 | U41: =COUNTIF(Table1[Loan_Status],"Defaulted")/COUNTA(Table1[Loan_ID]) -> 0.248
A42: LN0041 | B42: CU8449 | C42: 41 | D42: Female | E42: Bangalore | F42: Self-Employed | G42: 125510 | H42: 137262 | I42: 3 | J42: 23.29 | K42: 47541.4 | L42: Business | M42: Active | N42: 44920 | Q42: 529 | R42: No | S42: 0 | T42: Dec-22 | U42: =COUNTIF(Table1[Loan_Status],"Defaulted")/COUNTA(Table1[Loan_ID]) -> 0.248
A43: LN0042 | B43: CU1659 | C43: 22 | D43: Male | E43: Mumbai | F43: Salaried | G43: 54946 | H43: 130066 | I43: 6 | J43: 23.37 | K43: 23179.01 | L43: Education | M43: Closed | N43: 45038 | O43: 2024-04-14 | P43: 358 | Q43: 562 | R43: No | S43: 0 | T43: Apr-23 | U43: =COUNTIF(Table1[Loan_Status],"Defaulted")/COUNTA(Table1[Loan_ID]) -> 0.248
A44: LN0043 | B44: CU3749 | C44: 28 | D44: Male | E44: Delhi | F44: Salaried | G44: 21731 | H44: 492004 | I44: 12 | J44: 25.82 | K44: 46958.13 | L44: Shopping | M44: Restructured | N44: 44765 | O44: 2022-10-08 | P44: 77 | Q44: 548 | R44: Yes | S44: 0 | T44: Jul-22 | U44: =COUNTIF(Table1[Loan_Status],"Defaulted")/COUNTA(Table1[Loan_ID]) -> 0.248
A45: LN0044 | B45: CU2669 | C45: 40 | D45: Male | E45: Chennai | F45: Salaried | G45: 106017 | H45: 284311 | I45: 18 | J45: 27.88 | K45: 19507.51 | L45: Education | M45: Defaulted | N45: 44574 | Q45: 730 | R45: Yes | S45: 192089.51 | T45: Jan-22 | U45: =COUNTIF(Table1[Loan_Status],"Defaulted")/COUNTA(Table1[Loan_ID]) -> 0.248
A46: LN0045 | B46: CU2729 | C46: 48 | D46: Female | E46: Bangalore | F46: Salaried | G46: 129160 | H46: 97346 | I46: 24 | J46: 35.17 | K46: 5705.29 | L46: Travel | M46: Restructured | N46: 45038 | O46: 2023-12-01 | P46: 223 | Q46: 574 | R46: Yes | S46: 0 | T46: Apr-23 | U46: =COUNTIF(Table1[Loan_Status],"Defaulted")/COUNTA(Table1[Loan_ID]) -> 0.248
A47: LN0046 | B47: CU6280 | C47: 36 | D47: Male | E47: Delhi | F47: Self-Employed | G47: 78927 | H47: 398465 | I47: 18 | J47: 25.68 | K47: 26906.73 | L47: Shopping | M47: Defaulted | N47: 44591 | Q47: 806 | R47: Yes | S47: 277198.95 | T47: Jan-22 | U47: =COUNTIF(Table1[Loan_Status],"Defaulted")/COUNTA(Table1[Loan_ID]) -> 0.248
A48: LN0047 | B48: CU3979 | C48: 52 | D48: Male | E48: Delhi | F48: Self-Employed | G48: 104217 | H48: 151621 | I48: 24 | J48: 28.83 | K48: 8386.51 | L48: Travel | M48: Active | N48: 45091 | Q48: 495 | R48: Yes | S48: 0 | T48: Jun-23 | U48: =COUNTIF(Table1[Loan_Status],"Defaulted")/COUNTA(Table1[Loan_ID]) -> 0.248
A49: LN0048 | B49: CU7658 | C49: 52 | D49: Male | E49: Bangalore | F49: Self-Employed | G49: 132486 | H49: 420725 | I49: 3 | J49: 14.23 | K49: 143580.8 | L49: Medical | M49: Restructured | N49: 45270 | O49: 2024-02-10 | P49: 62 | Q49: 613 | R49: Yes | S49: 0 | T49: Dec-23 | U49: =COUNTIF(Table1[Loan_Status],"Defaulted")/COUNTA(Table1[Loan_ID]) -> 0.248
A50: LN0049 | B50: CU7046 | C50: 51 | D50: Female | E50: Bangalore | F50: Self-Employed | G50: 107225 | H50: 373498 | I50: 18 | J50: 18.5 | K50: 23920.45 | L50: Travel | M50: Closed | N50: 44685 | O50: 2024-05-11 | P50: 738 | Q50: 497 | R50: No | S50: 0 | T50: May-22 | U50: =COUNTIF(Table1[Loan_Status],"Defaulted")/COUNTA(Table1[Loan_ID]) -> 0.248
A51: LN0050 | B51: CU9779 | C51: 32 | D51: Male | E51: Mumbai | F51: Self-Employed | G51: 87482 | H51: 384891 | I51: 24 | J51: 35.44 | K51: 22612.72 | L51: Business | M51: Defaulted | N51: 44664 | Q51: 498 | R51: Yes | S51: 118304.92 | T51: Apr-22 | U51: =COUNTIF(Table1[Loan_Status],"Defaulted")/COUNTA(Table1[Loan_ID]) -> 0.248
A52: LN0051 | B52: CU6912 | C52: 32 | D52: Female | E52: Hyderabad | F52: Salaried | G52: 86909 | H52: 28863 | I52: 3 | J52: 25.28 | K52: 10029.18 | L52: Medical | M52: Restructured | N52: 44667 | O52: 2022-04-28 | P52: 12 | Q52: 591 | R52: Yes | S52: 0 | T52: Apr-22 | U52: =COUNTIF(Table1[Loan_Status],"Defaulted")/COUNTA(Table1[Loan_ID]) -> 0.248
A53: LN0052 | B53: CU8690 | C53: 51 | D53: Female | E53: Delhi | F53: Salaried | G53: 28468 | H53: 137371 | I53: 18 | J53: 14.74 | K53: 8553.06 | L53: Education | M53: Restructured | N53: 45065 | O53: 2023-06-25 | P53: 37 | Q53: 354 | R53: Yes | S53: 0 | T53: May-23 | U53: =COUNTIF(Table1[Loan_Status],"Defaulted")/COUNTA(Table1[Loan_ID]) -> 0.248
A54: LN0053 | B54: CU3485 | C54: 30 | D54: Female | E54: Hyderabad | F54: Salaried | G54: 46051 | H54: 297590 | I54: 18 | J54: 26.55 | K54: 20222.67 | L54: Business | M54: Closed | N54: 45097 | O54: 2023-12-31 | P54: 194 | Q54: 761 | R54: No | S54: 0 | T54: Jun-23 | U54: =COUNTIF(Table1[Loan_Status],"Defaulted")/COUNTA(Table1[Loan_ID]) -> 0.248
A55: LN0054 | B55: CU5871 | C55: 48 | D55: Female | E55: Chennai | F55: Salaried | G55: 41013 | H55: 404893 | I55: 6 | J55: 27.01 | K55: 72896.94 | L55: Travel | M55: Active | N55: 44722 | Q55: 545 | R55: No | S55: 0 | T55: Jun-22 | U55: =COUNTIF(Table1[Loan_Status],"Defaulted")/COUNTA(Table1[Loan_ID]) -> 0.248
A56: LN0055 | B56: CU2229 | C56: 31 | D56: Male | E56: Bangalore | F56: Self-Employed | G56: 138184 | H56: 157703 | I56: 3 | J56: 17.56 | K56: 54113.6 | L56: Travel | M56: Restructured | N56: 44634 | O56: 2024-02-15 | P56: 703 | Q56: 539 | R56: Yes | S56: 0 | T56: Mar-22 | U56: =COUNTIF(Table1[Loan_Status],"Defaulted")/COUNTA(Table1[Loan_ID]) -> 0.248
A57: LN0056 | B57: CU5334 | C57: 33 | D57: Female | E57: Hyderabad | F57: Salaried | G57: 54056 | H57: 481269 | I57: 12 | J57: 31.84 | K57: 47354.19 | L57: Education | M57: Active | N57: 44731 | Q57: 614 | R57: No | S57: 0 | T57: Jun-22 | U57: =COUNTIF(Table1[Loan_Status],"Defaulted")/COUNTA(Table1[Loan_ID]) -> 0.248
A58: LN0057 | B58: CU5728 | C58: 49 | D58: Male | E58: Bangalore | F58: Self-Employed | G58: 120515 | H58: 499233 | I58: 12 | J58: 24.01 | K58: 47209.69 | L58: Shopping | M58: Restructured | N58: 44644 | O58: 2023-11-26 | P58: 612 | Q58: 340 | R58: Yes | S58: 0 | T58: Mar-22 | U58: =COUNTIF(Table1[Loan_Status],"Defaulted")/COUNTA(Table1[Loan_ID]) -> 0.248
A59: LN0058 | B59: CU8078 | C59: 41 | D59: Female | E59: Hyderabad | F59: Salaried | G59: 75011 | H59: 358526 | I59: 24 | J59: 26.09 | K59: 19331.71 | L59: Education | M59: Defaulted | N59: 45152 | Q59: 341 | R59: Yes | S59: 227368.69 | T59: Aug-23 | U59: =COUNTIF(Table1[Loan_Status],"Defaulted")/COUNTA(Table1[Loan_ID]) -> 0.248
A60: LN0059 | B60: CU3870 | C60: 51 | D60: Female | E60: Delhi | F60: Salaried | G60: 129264 | H60: 337810 | I60: 18 | J60: 35.26 | K60: 24433.85 | L60: Shopping | M60: Defaulted | N60: 44980 | Q60: 641 | R60: Yes | S60: 109700.68 | T60: Feb-23 | U60: =COUNTIF(Table1[Loan_Status],"Defaulted")/COUNTA(Table1[Loan_ID]) -> 0.248
A61: LN0060 | B61: CU2713 | C61: 31 | D61: Female | E61: Bangalore | F61: Self-Employed | G61: 90554 | H61: 352384 | I61: 18 | J61: 31.53 | K61: 24821.32 | L61: Business | M61: Active | N61: 45027 | Q61: 390 | R61: No | S61: 0 | T61: Apr-23 | U61: =COUNTIF(Table1[Loan_Status],"Defaulted")/COUNTA(Table1[Loan_ID]) -> 0.248
A62: LN0061 | B62: CU6296 | C62: 28 | D62: Female | E62: Chennai | F62: Salaried | G62: 136104 | H62: 221660 | I62: 3 | J62: 16.5 | K62: 75927.8 | L62: Travel | M62: Restructured | N62: 45202 | O62: 2024-05-16 | P62: 226 | Q62: 352 | R62: Yes | S62: 0 | T62: Oct-23 | U62: =COUNTIF(Table1[Loan_Status],"Defaulted")/COUNTA(Table1[Loan_ID]) -> 0.248
A63: LN0062 | B63: CU4335 | C63: 38 | D63: Male | E63: Delhi | F63: Self-Employed | G63: 142064 | H63: 68662 | I63: 3 | J63: 35.36 | K63: 24249.22 | L63: Business | M63: Closed | N63: 45288 | O63: 2024-02-06 | P63: 40 | Q63: 618 | R63: No | S63: 0 | T63: Dec-23 | U63: =COUNTIF(Table1[Loan_Status],"Defaulted")/COUNTA(Table1[Loan_ID]) -> 0.248
A64: LN0063 | B64: CU7684 | C64: 26 | D64: Male | E64: Hyderabad | F64: Self-Employed | G64: 45793 | H64: 344586 | I64: 6 | J64: 23.96 | K64: 61510.58 | L64: Travel | M64: Defaulted | N64: 44987 | Q64: 794 | R64: Yes | S64: 270903.6 | T64: Mar-23 | U64: =COUNTIF(Table1[Loan_Status],"Defaulted")/COUNTA(Table1[Loan_ID]) -> 0.248
A65: LN0064 | B65: CU4993 | C65: 50 | D65: Male | E65: Bangalore | F65: Salaried | G65: 148232 | H65: 396272 | I65: 6 | J65: 32.74 | K65: 72493.52 | L65: Travel | M65: Restructured | N65: 44910 | O65: 2024-05-17 | P65: 519 | Q65: 573 | R65: Yes | S65: 0 | T65: Dec-22 | U65: =COUNTIF(Table1[Loan_Status],"Defaulted")/COUNTA(Table1[Loan_ID]) -> 0.248
A66: LN0065 | B66: CU1042 | C66: 39 | D66: Female | E66: Chennai | F66: Self-Employed | G66: 53953 | H66: 239119 | I66: 24 | J66: 23.62 | K66: 12597.18 | L66: Travel | M66: Restructured | N66: 45028 | O66: 2023-09-23 | P66: 164 | Q66: 493 | R66: Yes | S66: 0 | T66: Apr-23 | U66: =COUNTIF(Table1[Loan_Status],"Defaulted")/COUNTA(Table1[Loan_ID]) -> 0.248
A67: LN0066 | B67: CU4912 | C67: 45 | D67: Male | E67: Bangalore | F67: Salaried | G67: 98408 | H67: 395439 | I67: 18 | J67: 28.93 | K67: 27338.91 | L67: Shopping | M67: Restructured | N67: 45241 | O67: 2024-05-31 | P67: 202 | Q67: 455 | R67: Yes | S67: 0 | T67: Nov-23 | U67: =COUNTIF(Table1[Loan_Status],"Defaulted")/COUNTA(Table1[Loan_ID]) -> 0.248
A68: LN0067 | B68: CU9115 | C68: 23 | D68: Male | E68: Chennai | F68: Self-Employed | G68: 41309 | H68: 463327 | I68: 18 | J68: 14.39 | K68: 28771.72 | L68: Shopping | M68: Active | N68: 44709 | Q68: 719 | R68: No | S68: 0 | T68: May-22 | U68: =COUNTIF(Table1[Loan_Status],"Defaulted")/COUNTA(Table1[Loan_ID]) -> 0.248
A69: LN0068 | B69: CU3529 | C69: 25 | D69: Female | E69: Delhi | F69: Self-Employed | G69: 119197 | H69: 345701 | I69: 3 | J69: 32.44 | K69: 121519.36 | L69: Business | M69: Restructured | N69: 44886 | O69: 2024-04-03 | P69: 499 | Q69: 336 | R69: Yes | S69: 0 | T69: Nov-22 | U69: =COUNTIF(Table1[Loan_Status],"Defaulted")/COUNTA(Table1[Loan_ID]) -> 0.248
A70: LN0069 | B70: CU2121 | C70: 36 | D70: Female | E70: Mumbai | F70: Salaried | G70: 128763 | H70: 56612 | I70: 3 | J70: 22.65 | K70: 19587.47 | L70: Travel | M70: Active | N70: 44609 | Q70: 632 | R70: No | S70: 0 | T70: Feb-22 | U70: =COUNTIF(Table1[Loan_Status],"Defaulted")/COUNTA(Table1[Loan_ID]) -> 0.248
A71: LN0070 | B71: CU5806 | C71: 43 | D71: Female | E71: Bangalore | F71: Salaried | G71: 79014 | H71: 283484 | I71: 18 | J71: 25.58 | K71: 19128.58 | L71: Medical | M71: Closed | N71: 44741 | O71: 2022-09-17 | P71: 80 | Q71: 691 | R71: No | S71: 0 | T71: Jun-22 | U71: =COUNTIF(Table1[Loan_Status],"Defaulted")/COUNTA(Table1[Loan_ID]) -> 0.248
A72: LN0071 | B72: CU4945 | C72: 52 | D72: Male | E72: Mumbai | F72: Self-Employed | G72: 81578 | H72: 245947 | I72: 12 | J72: 28 | K72: 23735.36 | L72: Shopping | M72: Defaulted | N72: 45255 | Q72: 461 | R72: Yes | S72: 37310.98 | T72: Nov-23 | U72: =COUNTIF(Table1[Loan_Status],"Defaulted")/COUNTA(Table1[Loan_ID]) -> 0.248
A73: LN0072 | B73: CU6661 | C73: 40 | D73: Female | E73: Delhi | F73: Self-Employed | G73: 94199 | H73: 109447 | I73: 18 | J73: 32.48 | K73: 7761.71 | L73: Education | M73: Closed | N73: 44952 | O73: 2024-01-28 | P73: 367 | Q73: 602 | R73: No | S73: 0 | T73: Jan-23 | U73: =COUNTIF(Table1[Loan_Status],"Defaulted")/COUNTA(Table1[Loan_ID]) -> 0.248
A74: LN0073 | B74: CU5837 | C74: 22 | D74: Female | E74: Delhi | F74: Salaried | G74: 27856 | H74: 482425 | I74: 24 | J74: 29.88 | K74: 26943.95 | L74: Travel | M74: Closed | N74: 45183 | O74: 2024-03-12 | P74: 180 | Q74: 524 | R74: No | S74: 0 | T74: Sep-23 | U74: =COUNTIF(Table1[Loan_Status],"Defaulted")/COUNTA(Table1[Loan_ID]) -> 0.248
A75: LN0074 | B75: CU5106 | C75: 29 | D75: Male | E75: Hyderabad | F75: Self-Employed | G75: 130559 | H75: 22492 | I75: 24 | J75: 20.76 | K75: 1153.12 | L75: Medical | M75: Active | N75: 44864 | Q75: 634 | R75: No | S75: 0 | T75: Oct-22 | U75: =COUNTIF(Table1[Loan_Status],"Defaulted")/COUNTA(Table1[Loan_ID]) -> 0.248
A76: LN0075 | B76: CU3877 | C76: 33 | D76: Male | E76: Chennai | F76: Self-Employed | G76: 146542 | H76: 483930 | I76: 12 | J76: 31.93 | K76: 47637.55 | L76: Travel | M76: Restructured | N76: 44864 | O76: 2023-10-11 | P76: 346 | Q76: 417 | R76: Yes | S76: 0 | T76: Oct-22 | U76: =COUNTIF(Table1[Loan_Status],"Defaulted")/COUNTA(Table1[Loan_ID]) -> 0.248
A77: LN0076 | B77: CU8673 | C77: 25 | D77: Male | E77: Mumbai | F77: Self-Employed | G77: 110885 | H77: 52344 | I77: 18 | J77: 12.33 | K77: 3200.07 | L77: Business | M77: Active | N77: 45027 | Q77: 677 | R77: No | S77: 0 | T77: Apr-23 | U77: =COUNTIF(Table1[Loan_Status],"Defaulted")/COUNTA(Table1[Loan_ID]) -> 0.248
A78: LN0077 | B78: CU5295 | C78: 45 | D78: Female | E78: Hyderabad | F78: Salaried | G78: 138594 | H78: 18120 | I78: 24 | J78: 33.22 | K78: 1043.42 | L78: Business | M78: Defaulted | N78: 45186 | Q78: 526 | R78: Yes | S78: 10026.82 | T78: Sep-23 | U78: =COUNTIF(Table1[Loan_Status],"Defaulted")/COUNTA(Table1[Loan_ID]) -> 0.248
A79: LN0078 | B79: CU8606 | C79: 40 | D79: Female | E79: Hyderabad | F79: Salaried | G79: 26887 | H79: 24509 | I79: 12 | J79: 35.9 | K79: 2461 | L79: Education | M79: Active | N79: 44802 | Q79: 850 | R79: Yes | S79: 0 | T79: Aug-22 | U79: =COUNTIF(Table1[Loan_Status],"Defaulted")/COUNTA(Table1[Loan_ID]) -> 0.248
A80: LN0079 | B80: CU8432 | C80: 44 | D80: Female | E80: Chennai | F80: Salaried | G80: 123759 | H80: 348367 | I80: 3 | J80: 32.01 | K80: 122371.82 | L80: Business | M80: Restructured | N80: 44848 | O80: 2022-11-16 | P80: 33 | Q80: 679 | R80: Yes | S80: 0 | T80: Oct-22 | U80: =COUNTIF(Table1[Loan_Status],"Defaulted")/COUNTA(Table1[Loan_ID]) -> 0.248
A81: LN0080 | B81: CU4559 | C81: 49 | D81: Female | E81: Mumbai | F81: Self-Employed | G81: 41045 | H81: 364493 | I81: 12 | J81: 25.07 | K81: 34655.33 | L81: Travel | M81: Active | N81: 44969 | Q81: 582 | R81: No | S81: 0 | T81: Feb-23 | U81: =COUNTIF(Table1[Loan_Status],"Defaulted")/COUNTA(Table1[Loan_ID]) -> 0.248
A82: LN0081 | B82: CU3001 | C82: 50 | D82: Male | E82: Mumbai | F82: Salaried | G82: 28258 | H82: 417506 | I82: 12 | J82: 17.85 | K82: 38247.15 | L82: Medical | M82: Closed | N82: 44632 | O82: 2024-05-03 | P82: 783 | Q82: 512 | R82: No | S82: 0 | T82: Mar-22 | U82: =COUNTIF(Table1[Loan_Status],"Defaulted")/COUNTA(Table1[Loan_ID]) -> 0.248
A83: LN0082 | B83: CU4817 | C83: 42 | D83: Male | E83: Chennai | F83: Salaried | G83: 87685 | H83: 455052 | I83: 6 | J83: 35.7 | K83: 83931.87 | L83: Business | M83: Defaulted | N83: 44740 | Q83: 412 | R83: Yes | S83: 256076.12 | T83: Jun-22 | U83: =COUNTIF(Table1[Loan_Status],"Defaulted")/COUNTA(Table1[Loan_ID]) -> 0.248
A84: LN0083 | B84: CU1422 | C84: 29 | D84: Male | E84: Delhi | F84: Salaried | G84: 99874 | H84: 13273 | I84: 6 | J84: 18.37 | K84: 2332.19 | L84: Medical | M84: Restructured | N84: 45100 | O84: 2023-08-20 | P84: 58 | Q84: 365 | R84: Yes | S84: 0 | T84: Jun-23 | U84: =COUNTIF(Table1[Loan_Status],"Defaulted")/COUNTA(Table1[Loan_ID]) -> 0.248
A85: LN0084 | B85: CU8802 | C85: 49 | D85: Female | E85: Chennai | F85: Salaried | G85: 133490 | H85: 269156 | I85: 6 | J85: 34.69 | K85: 49505.9 | L85: Education | M85: Defaulted | N85: 45031 | Q85: 331 | R85: Yes | S85: 38375.67 | T85: Apr-23 | U85: =COUNTIF(Table1[Loan_Status],"Defaulted")/COUNTA(Table1[Loan_ID]) -> 0.248
A86: LN0085 | B86: CU8847 | C86: 46 | D86: Female | E86: Hyderabad | F86: Self-Employed | G86: 131277 | H86: 43530 | I86: 3 | J86: 19.73 | K86: 14989.73 | L86: Medical | M86: Active | N86: 44691 | Q86: 581 | R86: No | S86: 0 | T86: May-22 | U86: =COUNTIF(Table1[Loan_Status],"Defaulted")/COUNTA(Table1[Loan_ID]) -> 0.248
A87: LN0086 | B87: CU9984 | C87: 41 | D87: Female | E87: Chennai | F87: Self-Employed | G87: 133938 | H87: 270054 | I87: 24 | J87: 22.32 | K87: 14052.62 | L87: Education | M87: Closed | N87: 45002 | O87: 2023-11-03 | P87: 231 | Q87: 533 | R87: No | S87: 0 | T87: Mar-23 | U87: =COUNTIF(Table1[Loan_Status],"Defaulted")/COUNTA(Table1[Loan_ID]) -> 0.248
A88: LN0087 | B88: CU8430 | C88: 46 | D88: Female | E88: Hyderabad | F88: Self-Employed | G88: 126873 | H88: 168852 | I88: 12 | J88: 20.98 | K88: 15720.83 | L88: Medical | M88: Restructured | N88: 44630 | O88: 2022-06-11 | P88: 93 | Q88: 387 | R88: Yes | S88: 0 | T88: Mar-22 | U88: =COUNTIF(Table1[Loan_Status],"Defaulted")/COUNTA(Table1[Loan_ID]) -> 0.248
A89: LN0088 | B89: CU2527 | C89: 48 | D89: Male | E89: Delhi | F89: Salaried | G89: 30723 | H89: 312476 | I89: 24 | J89: 25.48 | K89: 16752.67 | L89: Education | M89: Restructured | N89: 44924 | O89: 2024-03-06 | P89: 433 | Q89: 352 | R89: Yes | S89: 0 | T89: Dec-22 | U89: =COUNTIF(Table1[Loan_Status],"Defaulted")/COUNTA(Table1[Loan_ID]) -> 0.248
A90: LN0089 | B90: CU5712 | C90: 40 | D90: Female | E90: Hyderabad | F90: Salaried | G90: 55561 | H90: 349318 | I90: 18 | J90: 17.38 | K90: 22185.4 | L90: Education | M90: Defaulted | N90: 45131 | Q90: 676 | R90: Yes | S90: 63023.86 | T90: Jul-23 | U90: =COUNTIF(Table1[Loan_Status],"Defaulted")/COUNTA(Table1[Loan_ID]) -> 0.248
A91: LN0090 | B91: CU5564 | C91: 35 | D91: Female | E91: Chennai | F91: Salaried | G91: 85109 | H91: 20179 | I91: 6 | J91: 18.56 | K91: 3547.55 | L91: Travel | M91: Defaulted | N91: 44921 | Q91: 306 | R91: Yes | S91: 4580.31 | T91: Dec-22 | U91: =COUNTIF(Table1[Loan_Status],"Defaulted")/COUNTA(Table1[Loan_ID]) -> 0.248
A92: LN0091 | B92: CU3347 | C92: 46 | D92: Male | E92: Mumbai | F92: Salaried | G92: 39053 | H92: 396177 | I92: 24 | J92: 17.16 | K92: 19618.36 | L92: Shopping | M92: Restructured | N92: 44911 | O92: 2023-05-26 | P92: 161 | Q92: 678 | R92: Yes | S92: 0 | T92: Dec-22 | U92: =COUNTIF(Table1[Loan_Status],"Defaulted")/COUNTA(Table1[Loan_ID]) -> 0.248
A93: LN0092 | B93: CU6105 | C93: 41 | D93: Male | E93: Hyderabad | F93: Salaried | G93: 56264 | H93: 400541 | I93: 24 | J93: 13.19 | K93: 19078.21 | L93: Education | M93: Defaulted | N93: 45015 | Q93: 734 | R93: Yes | S93: 176223.3 | T93: Mar-23 | U93: =COUNTIF(Table1[Loan_Status],"Defaulted")/COUNTA(Table1[Loan_ID]) -> 0.248
A94: LN0093 | B94: CU8242 | C94: 47 | D94: Female | E94: Mumbai | F94: Salaried | G94: 105484 | H94: 230398 | I94: 3 | J94: 18.8 | K94: 79218.18 | L94: Business | M94: Restructured | N94: 45101 | O94: 2024-05-30 | P94: 341 | Q94: 615 | R94: Yes | S94: 0 | T94: Jun-23 | U94: =COUNTIF(Table1[Loan_Status],"Defaulted")/COUNTA(Table1[Loan_ID]) -> 0.248
A95: LN0094 | B95: CU1744 | C95: 35 | D95: Female | E95: Chennai | F95: Salaried | G95: 17015 | H95: 112176 | I95: 12 | J95: 34.69 | K95: 11196.12 | L95: Medical | M95: Defaulted | N95: 44858 | Q95: 635 | R95: Yes | S95: 20639.15 | T95: Oct-22 | U95: =COUNTIF(Table1[Loan_Status],"Defaulted")/COUNTA(Table1[Loan_ID]) -> 0.248
A96: LN0095 | B96: CU9149 | C96: 48 | D96: Male | E96: Mumbai | F96: Self-Employed | G96: 75322 | H96: 267281 | I96: 24 | J96: 32 | K96: 15220.98 | L96: Travel | M96: Active | N96: 44968 | Q96: 343 | R96: No | S96: 0 | T96: Feb-23 | U96: =COUNTIF(Table1[Loan_Status],"Defaulted")/COUNTA(Table1[Loan_ID]) -> 0.248
A97: LN0096 | B97: CU8532 | C97: 25 | D97: Female | E97: Chennai | F97: Self-Employed | G97: 121017 | H97: 376981 | I97: 18 | J97: 18.95 | K97: 24224.63 | L97: Shopping | M97: Active | N97: 44894 | Q97: 475 | R97: No | S97: 0 | T97: Nov-22 | U97: =COUNTIF(Table1[Loan_Status],"Defaulted")/COUNTA(Table1[Loan_ID]) -> 0.248
A98: LN0097 | B98: CU8538 | C98: 44 | D98: Male | E98: Bangalore | F98: Salaried | G98: 78783 | H98: 233419 | I98: 24 | J98: 21.61 | K98: 12064.44 | L98: Education | M98: Restructured | N98: 44879 | O98: 2023-10-27 | P98: 347 | Q98: 526 | R98: Yes | S98: 0 | T98: Nov-22 | U98: =COUNTIF(Table1[Loan_Status],"Defaulted")/COUNTA(Table1[Loan_ID]) -> 0.248
A99: LN0098 | B99: CU6456 | C99: 31 | D99: Male | E99: Chennai | F99: Salaried | G99: 148680 | H99: 106661 | I99: 12 | J99: 20.43 | K99: 9902.45 | L99: Medical | M99: Closed | N99: 44667 | O99: 2022-09-12 | P99: 149 | Q99: 562 | R99: No | S99: 0 | T99: Apr-22 | U99: =COUNTIF(Table1[Loan_Status],"Defaulted")/COUNTA(Table1[Loan_ID]) -> 0.248
A100: LN0099 | B100: CU3504 | C100: 25 | D100: Male | E100: Bangalore | F100: Self-Employed | G100: 132677 | H100: 362110 | I100: 24 | J100: 27.43 | K100: 19770.65 | L100: Business | M100: Defaulted | N100: 45204 | Q100: 623 | R100: Yes | S100: 74475.23 | T100: Oct-23 | U100: =COUNTIF(Table1[Loan_Status],"Defaulted")/COUNTA(Table1[Loan_ID]) -> 0.248
...

Sheet KPI
A1: KPI | B1: Value | C1: value out of pivot table
A2: Total Loans | B2: =COUNTA('Raw Data'!A2:A501) -> 500 | C2: =B2 -> 500
A3: Total Disbursed (₹) | B3: =SUM('Raw Data'!H2:H501) -> 121212530 | C3: =B3 -> 121212530
A4: Total EMI Collected (₹) | B4: =SUM('Raw Data'!K2:K501) -> 16397630 | C4: =B4 -> 16397630
A5: Active Loans | B5: =COUNTIF('Raw Data'!M2:M501,"Active") -> 128 | C5: =B5 -> 128
A6: Closed Loans | B6: =COUNTIF('Raw Data'!M2:M501,"Closed") -> 127 | C6: =B6 -> 127
A7: Defaulted Loans | B7: =COUNTIF('Raw Data'!M2:M501,"Defaulted") -> 124 | C7: =B7 -> 124
A8: Restructured Loans | B8: =COUNTIF('Raw Data'!M2:M501,"Restructured") -> 121 | C8: =B8 -> 121
A9: Default Rate (%) | B9: =COUNTIF('Raw Data'!M2:M501,"Defaulted")/COUNTA('Raw Data'!A2:A501) -> 0.248 | C9: =B9 -> 0.248
A10: Avg Loan Amount (₹) | B10: =AVERAGE('Raw Data'!H2:H501) -> 242425.06 | C10: =B10 -> 242425.06
A11: Avg EMI (₹) | B11: =AVERAGE('Raw Data'!K2:K501) -> 32795.261 | C11: =B11 -> 32795.261
A12: Avg Credit Score | B12: =AVERAGE('Raw Data'!Q2:Q501) -> 573.4 | C12: =B12 -> 573.4
A13: Avg Interest Rate (%) | B13: =AVERAGE('Raw Data'!J2:J501)/100 -> 0.2417106 | C13: =B13 -> 0.2417106
A14: Avg Tenure (Months) | B14: =AVERAGE('Raw Data'!I2:I501) -> 13.29 | C14: =B14 -> 13.29
A15: Total Recovery (₹) | B15: =SUM('Raw Data'!S2:S501) -> 14439288 | C15: =B15 -> 14439288
A16: Recovery Rate (%) | B16: =SUM('Raw Data'!S2:S501)/SUMIF('Raw Data'!M2:M501,"Defaulted",'Raw Data'!H2:H501) -> 0.46945937 | C16: =B16 -> 0.46945937
A17: DPD 30+ Count | B17: =COUNTIF('Raw Data'!R2:R501,"Yes") -> 280 | C17: =B17 -> 280
A20: Total Loans Applications | B20: Total Disbursment Amt | C20: Total Amount Recovered | D20: Average Credit Score | E20: Average EMI | F20: Average Default Rate
A21: Count of Loan_ID | B21: Sum of Loan_Amount | C21: Sum of Recovery_Amount | D21: Average of Credit_Score | E21: Average of EMI_Amount | F21: Average of Default Interest Rate
A22: 500 | B22: 121212530 | C22: 14439288 | D22: 573.4 | E22: 32795.261 | F22: 0.248
A23: =GETPIVOTDATA("Count of Loan_ID",$A$21) -> 500 | B23: =GETPIVOTDATA("Sum of Loan_Amount",$A$21) -> 121212530 | C23: =GETPIVOTDATA("Sum of Recovery_Amount",$A$21) -> 14439288 | D23: =GETPIVOTDATA("Average of Credit_Score",$A$21) -> 573.4 | E23: =GETPIVOTDATA("Average of EMI_Amount",$A$21) -> 32795.261 | F23: =GETPIVOTDATA("Average of Default Interest Rate",$A$21) -> 0.248
A26: MTD Measure
B27: Total Loans Applications | C27: Total Disbursment Amt | D27: Total Amount Recovered | E27: Average Credit Score | F27: Average EMI | G27: Average Default Rate
A28: Row Labels | B28: Count of Loan_ID | C28: Sum of Loan_Amount | D28: Sum of Recovery_Amount | E28: Average of Credit_Score | F28: Average of EMI_Amount | G28: Average of Default Interest Rate | I28: MOM = (MTD-PMTD)/PMTD
A29: Dec | B29: 36 | C29: 7799479 | D29: 1001646.9 | E29: 514.66667 | F29: 38760.603 | G29: 0.248
A30: =A29 -> Dec | B30: =GETPIVOTDATA("Count of Loan_ID",$A$28,"Months (Disbursement_Date)",12) -> 36 | C30: =GETPIVOTDATA("Sum of Loan_Amount",$A$28,"Months (Disbursement_Date)",12) -> 7799479 | D30: =GETPIVOTDATA("Sum of Recovery_Amount",$A$28,"Months (Disbursement_Date)",12) -> 1001646.9 | E30: =GETPIVOTDATA("Average of Credit_Score",$A$28,"Months (Disbursement_Date)",12) -> 514.66667 | F30: =GETPIVOTDATA("Average of EMI_Amount",$A$28,"Months (Disbursement_Date)",12) -> 38760.603 | G30: =GETPIVOTDATA("Average of Default Interest Rate",$A$28,"Months (Disbursement_Date)",12) -> 0.248
A32: PMTD Measure
B33: Total Loans Applications | C33: Total Disbursment Amt | D33: Total Amount Recovered | E33: Average Credit Score | F33: Average EMI | G33: Average Default Rate
A34: Row Labels | B34: Count of Loan_ID | C34: Sum of Loan_Amount | D34: Sum of Recovery_Amount | E34: Average of Credit_Score | F34: Average of EMI_Amount | G34: Average of Default Interest Rate
A35: Nov | B35: 51 | C35: 12472037 | D35: 1031337.5 | E35: 543.7451 | F35: 25055.157 | G35: 0.248
B36: =GETPIVOTDATA("Count of Loan_ID",$A$34,"Months (Disbursement_Date)",11) -> 51 | C36: =GETPIVOTDATA("Sum of Loan_Amount",$A$34,"Months (Disbursement_Date)",11) -> 12472037 | D36: =GETPIVOTDATA("Sum of Recovery_Amount",$A$34,"Months (Disbursement_Date)",11) -> 1031337.5 | E36: =GETPIVOTDATA("Average of Credit_Score",$A$34,"Months (Disbursement_Date)",11) -> 543.7451 | F36: =GETPIVOTDATA("Average of EMI_Amount",$A$34,"Months (Disbursement_Date)",11) -> 25055.157 | G36: =GETPIVOTDATA("Average of Default Interest Rate",$A$34,"Months (Disbursement_Date)",11) -> 0.248
A38: MOM Measure
B39: Total Loans Applications | C39: Total Disbursment Amt | D39: Total Amount Recovered | E39: Average Credit Score | F39: Average EMI | G39: Average Default Rate
B40: =(GETPIVOTDATA("Count of Loan_ID",$A$28,"Months (Disbursement_Date)",12)-GETPIVOTDATA("Count of Loan_ID",$A$34,"Months (Disbursement_Date)",11))/GETPIVOTDATA("Count of Loan_ID",$A$34,"Months (Disbursement_Date)",11) -> -0.29411765 | C40: =(GETPIVOTDATA("Sum of Loan_Amount",$A$28,"Months (Disbursement_Date)",12)-GETPIVOTDATA("Sum of Loan_Amount",$A$34,"Months (Disbursement_Date)",11))/GETPIVOTDATA("Sum of Loan_Amount",$A$34,"Months (Disbursement_Date)",11) -> -0.37464273 | D40: =(GETPIVOTDATA("Sum of Recovery_Amount",$A$28,"Months (Disbursement_Date)",12)-GETPIVOTDATA("Sum of Recovery_Amount",$A$34,"Months (Disbursement_Date)",11))/GETPIVOTDATA("Sum of Recovery_Amount",$A$34,"Months (Disbursement_Date)",11) -> -0.028788461 | E40: =(GETPIVOTDATA("Average of Credit_Score",$A$28,"Months (Disbursement_Date)",12)-GETPIVOTDATA("Average of Credit_Score",$A$34,"Months (Disbursement_Date)",11))/GETPIVOTDATA("Average of Credit_Score",$A$34,"Months (Disbursement_Date)",11) -> -0.053478057 | F40: =(GETPIVOTDATA("Average of EMI_Amount",$A$28,"Months (Disbursement_Date)",12)-GETPIVOTDATA("Average of EMI_Amount",$A$34,"Months (Disbursement_Date)",11))/GETPIVOTDATA("Average of EMI_Amount",$A$34,"Months (Disbursement_Date)",11) -> 0.54701097 | G40: 0.248

Sheet Pivot Tables
A1: Row Labels | B1: Count of Loan_ID
A2: Active | B2: 128
A3: Closed | B3: 127
A4: Defaulted | B4: 124
A5: Restructured | B5: 121
A6: Grand Total | B6: 500
A10: Row Labels | B10: Sum of Loan_Amount
A11: Business | B11: 27542872
A12: Education | B12: 26056082
A13: Travel | B13: 24263898
A14: Medical | B14: 23346728
A15: Shopping | B15: 20002950
A16: Grand Total | B16: 121212530
A19: Loan_Status | B19: (All)
A21: Row Labels | B21: Count of Loan_ID
A22: Bangalore | B22: 108
A23: Delhi | B23: 106
A24: Chennai | B24: 100
A25: Hyderabad | B25: 97
A26: Mumbai | B26: 89
A29: Sum of Loan_Amount | B29: Column Labels
A30: Row Labels | B30: 3 | C30: 6 | D30: 12 | E30: 18 | F30: 24
A31: Salaried | B31: 11067930 | C31: 11640202 | D31: 11187171 | E31: 13268344 | F31: 14364706
A32: Self-Employed | B32: 8692861 | C32: 11075457 | D32: 11103937 | E32: 13932716 | F32: 14879206
A35: Disbursment Month | B35: Sum of Loan_Amount
A36: Apr-22 | B36: 5427241
A37: Apr-23 | B37: 6141576
A38: Aug-22 | B38: 3451968
A39: Aug-23 | B39: 9371827
A40: Dec-22 | B40: 3404028
A41: Dec-23 | B41: 4395451
A42: Feb-22 | B42: 4338910
A43: Feb-23 | B43: 5852558
A44: Jan-22 | B44: 3062967
A45: Jan-23 | B45: 4208620
A46: Jul-22 | B46: 4163921
A47: Jul-23 | B47: 4331510
... A60: Grand Total | B60: 121212530

Sheet Charts

Sheet DashBoard Layout
B2: LOAN DISBURSMENT PORTFOLIO DASHBOARD
